{
    "Florida": ["Miami", "Orlando", "Tampa", "Jacksonville (FL)", "Miami Beach", "St. Petersburg", "Hialeah", "Fort Lauderdale", "Tallahassee", "Cape Coral", "Pembroke Pines", "Hollywood", "Port St. Lucie", "Gainesville (FL)", "Clearwater", "West Palm Beach", "Palm Bay", "Lakeland", "Pompano Beach", "Davie", "Boca Raton", "Deltona", "Plantation", "Sunrise", "Coral Springs", "Sarasota", "Naples", "Daytona Beach", "Kissimmee", "Ocala", "Pensacola", "Panama City", "Melbourne", "Fort Myers", "Lehigh Acres", "North Port", "Apalachicola", "Key West", "Marathon", "Everglades City", "Homosassa Springs"],
    "California": ["Los Angeles", "San Francisco", "San Diego", "Sacramento", "San Jose", "Fresno", "Long Beach", "Oakland (CA)", "Bakersfield", "Anaheim", "Santa Ana", "Riverside", "Stockton", "Irvine", "Chula Vista", "Fremont (CA)", "San Bernardino", "Modesto", "Fontana", "Oxnard", "Huntington Beach", "Glendale", "Santa Clarita", "Sunnyvale", "Escondido", "Santa Barbara", "Berkeley", "Redding", "San Mateo", "Visalia", "Ventura", "Palm Springs", "Concord (CA)", "Fairfield (CA)", "Thousand Oaks", "Alturas", "Susanville", "Bishop", "Crescent City", "Twentynine Palms"],
    "Texas": ["Houston", "Dallas", "Austin", "San Antonio", "Fort Worth", "El Paso", "Arlington (TX)", "Corpus Christi", "Plano", "Laredo", "Lubbock", "Garland", "Irving", "Amarillo", "Grand Prairie", "Brownsville", "McAllen", "Frisco", "Pasadena", "Killeen", "Midland", "Waco", "Denton", "Carrollton", "Round Rock", "McKinney", "Abilene", "Beaumont", "Odessa", "Tyler", "Wichita Falls", "College Station", "San Angelo", "The Woodlands", "League City", "Alpine", "Marfa", "Del Rio", "Lufkin", "Vernon", "Snyder", "Childress"],
    "New York": ["New York City", "Buffalo", "Rochester (NY)", "Yonkers", "Syracuse", "Albany (NY)", "New Rochelle", "Mount Vernon (NY)", "Schenectady", "Utica", "White Plains", "Troy (NY)", "Niagara Falls", "Binghamton", "Rome", "Ithaca", "Poughkeepsie", "Elmira", "Kingston", "Saratoga Springs", "Valley Stream", "Hempstead", "Levittown (NY)", "Jamestown (NY)", "Glens Falls", "Watertown (NY)", "Plattsburgh", "Massena", "Saranac Lake", "Monticello", "Oneonta"],
    "Illinois": ["Chicago", "Aurora (IL)", "Rockford", "Joliet", "Naperville", "Springfield (IL)", "Peoria (IL)", "Elgin", "Waukegan", "Cicero", "Champaign", "Bloomington (IL)", "Arlington Heights", "Evanston", "Decatur (IL)", "Schaumburg", "Bolingbrook", "Palatine", "Skokie", "Des Plaines", "Orland Park", "Tinley Park", "Oak Lawn", "Berwyn", "Wheaton", "Carbondale", "Normal", "DeKalb", "Galena", "Marion (IL)", "Macomb", "Quincy"],
    "Pennsylvania": ["Philadelphia", "Pittsburgh", "Allentown", "Erie", "Reading", "Scranton", "Bethlehem", "Lancaster", "Harrisburg", "Altoona", "York (PA)", "State College", "Wilkes-Barre", "Levittown (PA)", "Chester", "Bensalem", "King of Prussia", "Upper Darby", "Lower Merion", "Monroeville (PA)", "Hazleton", "Williamsport", "Easton", "Johnstown", "New Castle (PA)", "Stroudsburg", "Indiana", "Bradford", "Warren (PA)", "Waynesburg"],
    "Ohio": ["Cleveland (OH)", "Columbus (OH)", "Cincinnati", "Toledo", "Akron", "Dayton (OH)", "Parma", "Canton (OH)", "Youngstown", "Lorain", "Hamilton (OH)", "Springfield (OH)", "Kettering", "Elyria", "Lakewood (OH)", "Mansfield", "Cuyahoga Falls", "Middletown (OH)", "Newark (OH)", "Strongsville", "Beavercreek", "Marion (OH)", "Huber Heights", "Lima", "Warren (OH)", "Findlay", "Fairfield (OH)", "Marietta (OH)", "Portsmouth", "Steubenville", "Zanesville", "Athens (OH)"],
    "Georgia": ["Atlanta", "Savannah (GA)", "Columbus (GA)", "Augusta (GA)", "Macon", "Athens (GA)", "Sandy Springs", "Roswell", "Johns Creek", "Albany (GA)", "Warner Robins", "Alpharetta", "Marietta (GA)", "Valdosta", "Gainesville (GA)", "Smyrna (GA)", "Dunwoody", "Peachtree Corners", "Dalton", "Kennesaw", "Lawrenceville", "Statesboro", "Griffin", "Woodstock", "Milledgeville", "Brunswick", "Canton (GA)", "Dahlonega", "Blairsville", "Thomasville", "Bainbridge", "Jesup"],
    "North Carolina": ["Charlotte", "Raleigh", "Greensboro", "Durham", "Wilmington", "High Point", "Winston-Salem", "Fayetteville", "Cary", "Asheville", "Concord (NC)", "Gastonia", "Jacksonville (NC)", "Chapel Hill", "Burlington (NC)", "Hickory", "Wilson", "Rocky Mount", "Kannapolis", "Apex", "Goldsboro", "Salisbury (NC)", "Monroe (NC)", "Holly Springs", "Wake Forest", "Morganton", "New Bern", "Manteo", "Murphy", "Bryson City", "Nags Head", "Swansboro"],
    "Michigan": ["Detroit", "Grand Rapids", "Warren (MI)", "Lansing", "Ann Arbor", "Flint", "Dearborn", "Sterling Heights", "Livonia", "Troy (MI)", "Farmington Hills", "Kalamazoo", "Wyoming", "Rochester Hills", "Southfield", "Taylor", "Pontiac", "Westland", "Royal Oak", "Novi", "Battle Creek", "Saginaw", "Midland", "Muskegon", "Portage (MI)", "Holland", "East Lansing", "Marquette", "Sault Ste. Marie", "Iron Mountain", "Houghton", "Alpena"],
    "Virginia": ["Virginia Beach", "Norfolk (VA)", "Richmond (VA)", "Arlington (VA)", "Newport News", "Hampton", "Alexandria (VA)", "Chesapeake", "Roanoke", "Portsmouth", "Suffolk", "Lynchburg", "Manassas", "Leesburg", "Harrisonburg", "Charlottesville", "Danville", "Petersburg", "Fredericksburg", "Winchester (VA)", "Salem (VA)", "Staunton", "Herndon", "Reston", "Fairfax", "Blacksburg", "Vienna", "Abingdon", "Big Stone Gap", "Chincoteague", "Front Royal", "Tazewell"],
    "Washington": ["Seattle", "Tacoma", "Spokane", "Vancouver", "Bellevue (WA)", "Everett", "Kent", "Yakima", "Federal Way", "Bellingham", "Renton", "Spokane Valley", "Kennewick", "Auburn (WA)", "Marysville", "Redmond (WA)", "Kirkland", "Olympia", "Pasco", "Pullman", "Walla Walla", "Richland", "Lacey", "Edmonds", "Mount Vernon (WA)", "Bremerton", "Ellensburg", "Forks", "Port Angeles", "Colville", "Okanogan", "Goldendale"],
    "Arizona": ["Phoenix", "Tucson", "Mesa", "Chandler", "Scottsdale", "Glendale", "Gilbert", "Tempe", "Peoria (AZ)", "Surprise", "Yuma", "Avondale", "Flagstaff", "Goodyear", "Lake Havasu City", "Buckeye", "Casa Grande", "Maricopa", "Prescott", "Bullhead City", "Sierra Vista", "Apache Junction", "Oro Valley", "Kingman", "Florence (AZ)", "Sedona", "Window Rock", "Kayenta", "Tuba City", "Holbrook", "Ajo"],
    "Massachusetts": ["Boston", "Worcester", "Springfield (MA)", "Lowell", "Cambridge (MA)", "New Bedford", "Brockton", "Quincy", "Lynn", "Fall River", "Somerville", "Framingham", "Haverhill", "Waltham", "Malden", "Newton (MA)", "Lawrence (MA)", "Plymouth (MA)", "Medford", "Taunton", "Chicopee", "Barnstable", "Pittsfield", "Leominster", "Fitchburg", "Marlborough", "Holyoke", "North Adams", "Martha's Vineyard (Edgartown)", "Nantucket"],
    "Indiana": ["Indianapolis", "Fort Wayne", "Evansville", "South Bend", "Carmel", "Bloomington (IN)", "Hammond", "Gary", "Lafayette (IN)", "Muncie", "Anderson", "Terre Haute", "Noblesville", "Greenwood", "Elkhart", "Kokomo", "Mishawaka", "Columbus (IN)", "Jeffersonville", "Portage (IN)", "Richmond (IN)", "New Albany", "Goshen", "Michigan City", "Westfield", "Franklin (IN)", "Valparaiso", "Vincennes", "Angola", "Bedford", "Washington (IN)", "Tell City"],
    "Colorado": ["Denver", "Colorado Springs", "Aurora (CO)", "Boulder", "Lakewood (CO)", "Fort Collins", "Arvada", "Westminster", "Pueblo", "Thornton", "Greeley", "Centennial", "Longmont", "Loveland", "Broomfield", "Grand Junction", "Castle Rock", "Commerce City", "Parker", "Littleton (CO)", "Brighton", "Englewood", "Wheat Ridge", "Fountain", "Durango", "Montrose", "Canon City", "Craig", "Steamboat Springs", "Trinidad", "La Junta", "Cortez"],
    "Minnesota": ["Minneapolis", "Saint Paul", "Rochester (MN)", "Duluth", "Bloomington (MN)", "Brooklyn Park", "Plymouth (MN)", "Eagan", "St. Cloud", "Woodbury", "Maple Grove", "Burnsville", "Blaine", "Lakeville", "Coon Rapids", "Edina", "Minnetonka", "Eden Prairie", "Mankato", "Moorhead", "Shakopee", "Apple Valley", "Maplewood", "Richfield", "Roseville", "Andover", "Faribault", "International Falls", "Thief River Falls", "Bemidji", "Red Wing", "Ely"],
    "Oregon": ["Portland (OR)", "Eugene", "Salem (OR)", "Gresham", "Hillsboro", "Beaverton", "Bend", "Medford", "Springfield (OR)", "Corvallis", "Albany (OR)", "Tigard", "Lake Oswego", "Keizer", "Roseburg", "Grants Pass", "McMinnville", "Redmond (OR)", "Tualatin", "West Linn", "Wilsonville", "Newberg", "Forest Grove", "Ashland", "Klamath Falls", "Milwaukie", "Oregon City", "John Day", "Burns", "Ontario", "Astoria", "Brookings"],
    "Tennessee": ["Nashville", "Memphis", "Knoxville", "Chattanooga", "Jackson (TN)", "Clarksville", "Murfreesboro", "Franklin (TN)", "Johnson City", "Bartlett", "Hendersonville", "Kingsport", "Collierville", "Smyrna (TN)", "Germantown", "Cleveland (TN)", "Maryville", "Brentwood", "Oak Ridge", "Gallatin", "Morristown", "Spring Hill", "Columbia (TN)", "La Vergne", "Cookeville", "Tullahoma", "Lebanon", "Savannah (TN)", "Celina", "Erwin", "Tiptonville", "Monteagle"],
    "Louisiana": ["New Orleans", "Baton Rouge", "Shreveport", "Metairie", "Lafayette (LA)", "Lake Charles", "Kenner", "Bossier City", "Monroe (LA)", "Alexandria (LA)", "Houma", "Slidell", "Mandeville", "Ruston", "Central", "Sulphur", "Marrero", "Harvey", "Terrytown", "Prairieville", "Hammond", "Natchitoches", "Zachary", "Covington (LA)", "Baker", "St. Francisville", "Grand Isle", "Morgan City", "Vidalia"],
    "Maryland": ["Baltimore", "Frederick", "Rockville", "Gaithersburg", "Bowie", "Hagerstown", "Annapolis", "College Park", "Salisbury (MD)", "Laurel (MD)", "Greenbelt", "Cumberland", "Hyattsville", "Takoma Park", "Easton", "Columbia (MD)", "Silver Spring", "Ellicott City", "Waldorf", "Owings Mills", "Towson", "Bethesda", "Potomac", "Catonsville", "Dundalk", "Parole", "Crisfield", "Snow Hill", "Oakland (MD)", "Cambridge (MD)", "Princess Anne"],
    "Alabama": ["Birmingham", "Montgomery", "Mobile", "Huntsville", "Tuscaloosa", "Hoover", "Dothan", "Auburn (AL)", "Decatur (AL)", "Madison (AL)", "Florence (AL)", "Gadsden", "Phenix City", "Vestavia Hills", "Alabaster", "Prattville", "Bessemer", "Opelika", "Homewood", "Northport", "Pelham", "Fairhope", "Athens (AL)", "Daphne", "Trussville", "Oxford (AL)", "Helena", "Monroeville (AL)", "Selma", "Eufaula", "Guntersville", "Scottsboro"],
    "Missouri": ["Kansas City", "St. Louis", "Springfield (MO)", "Columbia (MO)", "Independence (MO)", "Lee's Summit", "O'Fallon", "St. Joseph", "St. Charles", "Blue Springs", "Joplin", "Florissant", "Chesterfield", "Jefferson City", "Cape Girardeau", "Wentzville", "Wildwood", "Liberty", "Ballwin", "Raytown", "Kirkwood", "Maryland Heights", "University City", "Grandview", "Hazelwood", "Clayton", "Webster Groves", "West Plains", "Poplar Bluff", "Hannibal", "Moberly"],
    "Connecticut": ["Bridgeport", "New Haven", "Hartford", "Stamford", "Waterbury", "Norwalk", "Danbury", "New Britain", "West Hartford", "Meriden", "Bristol", "Milford (CT)", "Middletown (CT)", "Manchester (CT)", "Hamden", "Fairfield (CT)", "Greenwich", "Stratford", "Shelton", "Wallingford", "Naugatuck", "Torrington", "East Hartford", "Trumbull", "Groton", "New London", "Westport", "Putnam", "Norwich", "Willimantic", "Mystic"],
    "Iowa": ["Des Moines", "Cedar Rapids", "Davenport", "Sioux City", "Iowa City", "Waterloo", "Ames", "West Des Moines", "Council Bluffs", "Ankeny", "Dubuque", "Urbandale", "Cedar Falls", "Bettendorf", "Marion (IA)", "Mason City", "Clinton (IA)", "Marshalltown", "Burlington (IA)", "Muscatine", "Fort Dodge", "Ottumwa", "Clive", "Johnston", "North Liberty", "Altoona", "Waukee", "Decorah", "Storm Lake", "Spirit Lake", "Keokuk", "Fort Madison"],
    "Nevada": ["Las Vegas", "Henderson (NV)", "Reno", "North Las Vegas", "Sparks", "Carson City", "Elko", "Mesquite", "Boulder City", "Fernley", "Fallon", "Winnemucca", "Pahrump", "Laughlin", "Dayton (NV)", "Yerington", "Lovelock", "West Wendover", "Caliente", "Ely", "Carlin", "Wells", "Jackpot", "Hawthorne", "Pioche"],
    "Kentucky": ["Louisville", "Lexington (KY)", "Bowling Green", "Owensboro", "Covington (KY)", "Richmond (KY)", "Georgetown (KY)", "Florence (KY)", "Hopkinsville", "Nicholasville", "Henderson (KY)", "Elizabethtown", "Frankfort", "Paducah", "Radcliff", "Independence (KY)", "Jeffersontown", "Ashland", "Madisonville", "Winchester (KY)", "Murray (KY)", "St. Matthews", "Erlanger", "Berea", "Shepherdsville", "Fort Thomas", "Newport (KY)", "Pikeville", "Morehead", "Somerset", "Maysville", "Harlan"],
    "Oklahoma": ["Oklahoma City", "Tulsa", "Norman", "Broken Arrow", "Lawton", "Edmond", "Moore", "Midwest City", "Stillwater", "Enid", "Muskogee", "Bartlesville", "Owasso", "Shawnee (OK)", "Yukon", "Ardmore", "Duncan", "Bixby", "Sapulpa", "Mustang", "Jenks", "Altus", "Chickasha", "El Reno", "Tahlequah", "McAlester", "Durant", "Guymon", "Idabel", "Woodward"],
    "Utah": ["Salt Lake City", "West Valley City", "Provo", "West Jordan", "Orem", "Sandy", "Ogden", "St. George", "Layton", "Taylorsville", "South Jordan", "Lehi", "Logan", "Murray (UT)", "Bountiful", "Draper", "Riverton", "Roy", "Cottonwood Heights", "Spanish Fork", "Pleasant Grove", "Tooele", "Springville", "Cedar City", "Kaysville", "Clearfield", "Midvale", "Moab", "Blanding", "Vernal", "Price", "Kanab"],
    "South Carolina": ["Columbia (SC)", "Charleston", "North Charleston", "Mount Pleasant", "Rock Hill", "Greenville (SC)", "Summerville", "Sumter", "Goose Creek", "Hilton Head Island", "Spartanburg", "Florence (SC)", "Myrtle Beach", "Aiken", "Anderson", "Greer", "Mauldin", "Easley", "Simpsonville", "Lexington (SC)", "North Augusta", "Cayce", "Orangeburg", "Clemson", "Beaufort", "Fort Mill", "Tega Cay", "Walterboro", "Georgetown (SC)", "Abbeville", "McCormick"],
    "Nebraska": ["Omaha", "Lincoln", "Bellevue (NE)", "Grand Island", "Kearney", "Fremont (NE)", "Hastings", "North Platte", "Papillion", "Columbus (NE)", "La Vista", "Norfolk (NE)", "Scottsbluff", "South Sioux City", "Beatrice", "Lexington (NE)", "Alliance", "York (NE)", "Chadron", "Gering", "Nebraska City", "McCook", "Plattsmouth", "Crete", "Schuyler", "Valentine", "Falls City"],
    "Mississippi": ["Jackson (MS)", "Gulfport", "Southaven", "Biloxi", "Hattiesburg", "Meridian (MS)", "Tupelo", "Greenville (MS)", "Olive Branch", "Horn Lake", "Pearl", "Clinton (MS)", "Vicksburg", "Starkville", "Columbus (MS)", "Oxford (MS)", "Pascagoula", "Brandon", "Ridgeland", "Madison (MS)", "Flowood", "Clarksdale", "Gautier", "Laurel (MS)", "Natchez", "Hernando", "Long Beach", "Corinth"],
    "Kansas": ["Wichita", "Overland Park", "Kansas City", "Olathe", "Topeka", "Lawrence (KS)", "Shawnee (KS)", "Manhattan", "Lenexa", "Salina", "Hutchinson", "Leavenworth", "Leawood", "Dodge City", "Emporia", "Garden City", "Junction City", "Derby", "Prairie Village", "Liberal", "Hays", "Pittsburg", "Newton (KS)", "Great Bend", "McPherson", "El Dorado (KS)", "Coffeyville"],
    "New Jersey": ["Newark (NJ)", "Jersey City", "Paterson", "Elizabeth", "Lakewood (NJ)", "Edison", "Woodbridge", "Toms River", "Hamilton (NJ)", "Trenton", "Clifton", "Camden", "Cherry Hill", "Passaic", "Union City", "Franklin Township", "Middletown (NJ)", "Old Bridge", "Perth Amboy", "New Brunswick", "Vineland", "Hoboken", "Bayonne", "Atlantic City", "East Orange"],
    "Hawaii": ["Honolulu", "Pearl City", "Hilo", "Kailua", "Waipahu", "Kaneohe", "Mililani", "Ewa Beach", "Kapolei", "Wahiawa", "Wailuku", "Lahaina", "Kihei", "Kailua-Kona", "Kahului", "Aiea", "Makakilo", "Kapa'a", "Waimalu", "Waianae", "Napili-Honokowai", "Makaha", "Waimanalo", "Haleiwa", "Laie", "Hana", "Lanai City"],
    "New Mexico": ["Albuquerque", "Las Cruces", "Rio Rancho", "Santa Fe", "Roswell", "Farmington", "Clovis", "Hobbs", "Alamogordo", "Carlsbad", "Gallup", "Los Lunas", "Sunland Park", "Portales", "Silver City", "Deming", "Artesia", "Lovington", "Espanola", "Truth or Consequences", "Ruidoso", "Aztec", "Taos", "Raton"],
    "West Virginia": ["Charleston", "Huntington", "Morgantown", "Parkersburg", "Wheeling", "Weirton", "Fairmont", "Beckley", "Martinsburg", "Clarksburg", "South Charleston", "Vienna", "Bridgeport", "St. Albans", "Bluefield", "Moundsville", "Elkins", "Nitro", "Princeton", "Oak Hill", "Buckhannon", "Point Pleasant", "Lewisburg", "Ravenswood", "Petersburg", "Romney", "Moorefield", "Keyser", "Summersville"],
    "Idaho": ["Boise", "Meridian (ID)", "Nampa", "Idaho Falls", "Pocatello", "Caldwell", "Coeur d'Alene", "Twin Falls", "Lewiston (ID)", "Post Falls", "Rexburg", "Eagle", "Moscow", "Ammon", "Chubbuck", "Sandpoint"],
    "Arkansas": ["Little Rock", "Fort Smith", "Fayetteville", "Springdale", "Jonesboro", "North Little Rock", "Conway", "Rogers", "Bentonville", "Hot Springs", "Pine Bluff", "Sherwood", "Benton", "Texarkana", "Russellville", "Jacksonville (AR)", "Cabot", "Searcy", "Van Buren", "El Dorado (AR)", "Bryant", "West Memphis"],
    "Maine": ["Portland (ME)", "Lewiston (ME)", "Bangor", "South Portland", "Auburn (ME)", "Biddeford", "Sanford", "Saco", "Augusta (ME)", "Waterville", "Westbrook", "Caribou", "Rockland", "Presque Isle", "Fort Kent", "Madawaska", "Millinocket", "Houlton", "Dover-Foxcroft"],
    "Montana": ["Billings", "Missoula", "Great Falls", "Bozeman", "Butte", "Helena", "Kalispell", "Havre", "Miles City", "Laurel (MT)", "Whitefish", "Hamilton (MT)", "Glendive", "Sidney", "Malta", "Wolf Point"],
    "South Dakota": ["Sioux Falls", "Rapid City", "Aberdeen", "Brookings", "Watertown (SD)", "Mitchell", "Huron", "Spearfish", "Vermillion", "Custer", "Hill City", "Lead", "Deadwood", "Keystone"],
    "North Dakota": ["Fargo", "Bismarck", "Grand Forks", "Minot", "West Fargo", "Mandan", "Dickinson", "Jamestown (ND)", "Williston", "Watford City", "Bottineau", "Rugby", "Crosby", "Garrison"],
    "Delaware": ["Wilmington", "Dover", "Newark (DE)", "Middletown (DE)", "Smyrna (DE)", "Milford (DE)", "Seaford", "Georgetown (DE)", "Elsmere", "New Castle (DE)", "Lewes", "Rehoboth Beach", "Bethany Beach", "Laurel (DE)", "Delmar"],
    "Alaska": ["Anchorage", "Fairbanks", "Juneau", "Sitka", "Ketchikan", "Wasilla", "Kenai", "Kodiak", "Bethel", "Palmer", "Homer", "Valdez", "Nome", "Dutch Harbor (Unalaska)", "Kotzebue", "Barrow (Utqiaġvik)"],
    "Wyoming": ["Cheyenne", "Casper", "Laramie", "Gillette", "Rock Springs", "Sheridan", "Green River", "Riverton", "Jackson (WY)", "Cody"],
    "Vermont": ["Burlington (VT)", "Montpelier", "St. Johnsbury", "Brattleboro", "Middlebury", "Bennington", "Manchester (VT)", "Wilmington", "Ludlow", "White River Junction", "Windsor"],
    "New Hampshire": ["Manchester (NH)", "Concord (NH)", "Keene", "Littleton (NH)", "Plymouth (NH)", "Berlin", "Lancaster", "Claremont"],
    "Rhode Island": ["Providence", "Westerly", "Newport (RI)", "Woonsocket", "Narragansett", "Coventry", "Scituate", "Johnston", "East Greenwich", "Warren (RI)"]
}